Keyword,Tag,Volume,KD,CPC
house of massage chairs,generic,90,29,5.09
best massage chair brands with warranty,generic,20,20,
massage chair house,generic,70,0,1.71
massage chairs for home,generic,1000,36,1.45
ogawa massage chair near me,ogawa,20,0,2.79
osaki massage chair near me,osaki,110,17,2.17
osaki massage chair store near me,osaki,30,18,2.49
reliable massage chair brands with good warranty,generic,70,21,
full body massage chairs for home,generic,170,25,1.41
massage chair shiatsu massage,generic,3600,11,1.17
osaki massage chair nearby,osaki,30,25,6.12
shiatsu massage chairs,generic,320,20,1.17
kyota yugana m780 4d massage chair costco,kyota yugana m780 4d,20,26,
bodyfriend falcon massage chair review,bodyfriend falcon sv,20,0,2.2
bodyfriend falcon review,bodyfriend falcon sv,20,30,
bodyfriend falcon massage chair with rovo walking technology review,bodyfriend falcon sv,10,16,
cozzia massage chair price,cozzia,70,8,0.62
kozue massage chair,kozue massage chair,20,8,3.48
kyota nokori m980 massage chair review,kyota nokori m980 syner-d,20,0,
kyota nokori m980 review,kyota nokori m980 syner-d,40,14,2.65
massage chair manufacturers,generic,70,12,2.39
massage chair ogawa,ogawa,320,4,1.07
osaki massage chair comparison,osaki,40,10,3.4
osaki massage chair review,osaki,320,6,2.39
best osaki massage chair,osaki,110,9,2.47
massage chair manufacturer,generic,30,42,2.39
osaki platinum - escape duo 4d,osaki platinum escape duo 4d,30,15,6.78
svago massage chair,svago,40,18,2.74
bodyfriend massage chair review,bodyfriend,20,27,1.48
cozzia massage chair for sale,cozzia,40,0,1.16
fujiiryoki massage chair price,fujiiryoki,20,8,1.37
kyota yugana m780 4d massage chair reviews,kyota yugana m780 4d,20,15,2.27
osaki escape duo 4d massage chair,osaki platinum escape duo 4d,10,8,3.61
osaki platinum escape duo 4d,osaki platinum escape duo 4d,10,16,6.78
bodyfriend massage chair reviews,bodyfriend,20,33,1.48
kyota genki m380 massage chair reviews,kyota genki m380,70,15,2.55
kyota nokori m980 syner d massage chair reviews,kyota nokori m980 syner-d,50,13,2.94
osaki massage chair reviews,osaki,140,8,2.39
bodyfriend falcon sv,bodyfriend falcon sv,50,10,2.43
kyota nokori m980,kyota nokori m980 syner-d,40,25,4.11
kyota nokori m980 syner-d massage chair,kyota nokori m980 syner-d,90,0,
ogawa active xl 3d massage chair reviews,ogawa active xl 3d,30,0,
osaki os-pro 4d duomax price,os-pro 4d duomax,10,7,
bodyfriend massage chair price,bodyfriend,30,8,1.37
kyota genki m380 massage chair product info and reviews,kyota genki m380,20,8,
kyota nokori m980 syner d massage chair,kyota nokori m980 syner-d,30,14,2.98
phantom rovo massage chair,phantom rovo massage chair,20,0,1.24
bodyfriend massage chair usa,bodyfriend,20,20,
japanese massage chair brands,generic,140,14,2.16
kyota joubu m880 review,kyota joubu m880 4d,10,10,1.18
osaki escape duo 4d,osaki platinum escape duo 4d,10,16,3.38
best massage chair for break rooms,generic,30,18,
bodyfriend falcon,bodyfriend falcon sv,90,29,2.18
bodyfriend falcon massage chair with rovo walking technology,bodyfriend falcon sv,110,12,2.35
cozzia massage chair,cozzia,1900,9,1.12
fujiiryoki massage chair review,fujiiryoki,30,11,2.05
bodyfriend falcon massage chair,bodyfriend falcon sv,90,0,1.94
ogawa massage chair price,ogawa,70,9,1.1
osaki 4d atlas xl massage chair,atlas xl,90,16,3.76
osaki atlas xl 4d massage chair,atlas xl,50,16,4.91
kyota nokori m980 syner-d massage chair product info and reviews,kyota nokori m980 syner-d,10,6,
cozzia qi se massage chair review,qi se,20,12,
kyota joubu m880 4d zero gravity massage chair,kyota joubu m880 4d,50,24,2.56
massage chair bodyfriend,bodyfriend,90,22,1.63
ogawa massage chair bluetooth,ogawa,10,9,
osaki os-pro 4d duomax review,os-pro 4d duomax,20,16,5.82
where to try osaki massage chair,osaki,20,21,2.03
jp medic massage chair,jp medics,30,21,1.82
kyota joubu m880,kyota joubu m880 4d,40,26,2.58
osaki os pro 4d duomax review,os-pro 4d duomax,20,9,5.82
kyota joubu m880 4d massage chair,kyota joubu m880 4d,30,15,5.37
kyota nokori m980 massage chair,kyota nokori m980 syner-d,30,18,2.32
ogawa active xl 3d massage chair,ogawa active xl 3d,70,14,5.18
osaki os-pro 4d duomax massage chair reviews,os-pro 4d duomax,20,15,
cozzia massage chair prices,cozzia,40,10,0.62
ogawa active xl 3d,ogawa active xl 3d,50,15,5.15
osaki os-pro 4d duomax massage chair review,os-pro 4d duomax,20,14,
small massage chair for home,generic,70,18,0.92
bodyfriend massage chair sale,bodyfriend,20,21,1.24
kyota genki m380 price,kyota genki m380,30,11,
kyota yugana m780 4d,kyota yugana m780 4d,20,16,1.67
massage chairs and more,generic,70,42,3.97
titan epic 4d,titan tp-epic 4d,20,16,4.39
ultra imperial syner-d massage chair,imperial syner d,40,0,2.08
kyota yugana m780,kyota yugana m780 4d,30,17,2.14
kyota yugana m780 4d massage chair,kyota yugana m780 4d,70,14,1.79
massage chairs & more,generic,90,19,
kyota massage chair,kyota,1000,17,1.5
kyota massage chair reviews,kyota,20,0,2.03
massage chair showroom,generic,110,43,2.73
massage chairs showroom near me,generic,30,37,2.58
massage chairs stores near me,generic,10,37,3.08
ogawa latest massage chair,ogawa,20,8,
ogawa massage chair dimension,ogawa,20,9,
space saving massage chair,generic,40,10,0.93
titan tp-epic 4d,titan tp-epic 4d,30,17,4.3
fujiiryoki massage chair reviews,fujiiryoki,,23,2.05
infinity imperial syner d massage chair reviews,imperial syner d,10,0,3.21
korean massage chair brands,generic,40,17,1.38
kyota yugana m780 massage chair,kyota yugana m780 4d,20,15,
ogawa master drive duo massage chair,ogawa master drive duo,110,14,2.6
osaki massage chair price,osaki,50,18,1.42
titan tp epic 4d,titan tp-epic 4d,30,16,4.3
infinity massage chair price,infinity,110,13,1.03
osaki duomax se,os-pro 4d duomax se,40,9,5.84
svago zero gravity massage chair,svago,20,8,3.5
imperial syner-d massage chair,imperial syner d,40,27,3.5
osaki massage chair showroom,osaki,30,25,2.14
bodyfriend massage chair,bodyfriend,720,5,1.63
massage chair store,generic,590,55,3.94
imperial syner d massage chair,imperial syner d,30,37,3.5
infinity imperial syner d,imperial syner d,40,0,3.83
infinity imperial syner d massage chair,imperial syner d,70,0,2.79
massage chair retailer,generic,320,42,3.94
massage chair showrooms near me,generic,70,34,2.58
best small massage chair,generic,30,13,1.55
cyber relax pro,cyber relax pro 4d,20,20,3.57
duomax se,os-pro 4d duomax se,20,11,1.74
infinity imperial syner-d massage chair,imperial syner d,50,37,
massage chair buying guide,generic,90,19,1.45
fujiiryoki cyber relax massage chair,fujiiryoki,20,11,1.6
fujiiryoki massage chair,fujiiryoki,480,8,2.34
how to choose a massage chair,generic,70,17,1.54
cyber relax pro massage chair,cyber relax pro 4d,20,15,2.72
fujiiryoki cyber relax pro,cyber relax pro 4d,20,16,2.66
luminary syner d massage chair,luminary syner-d massage chair,30,8,3.25
massage chair retailers near me,generic,210,31,3.08
best massage chair for small space,generic,30,8,
massage chair osaki,osaki,390,15,1.72
massage chair retailer near me,generic,170,31,3.08
fujiiryoki cyber relax pro massage chair,cyber relax pro 4d,40,0,2.59
massage chair fujiiryoki,fujiiryoki,10,23,2.34
osaki full body massage chair,osaki,90,23,1.39
osaki massage chair dealers near me,osaki,40,0,3.47
how to choose massage chair,generic,30,15,1.54
massage chair small,generic,40,11,0.86
massage chairs nearby,generic,260,35,2.6
osaki vs kyota massage chair,kyota,30,0,2.99
infinity massage chair review,infinity,70,12,1.65
massage chair suppliers,generic,40,64,
massage chairs store,generic,30,69,3.94
cozzia qi xe pro massage chair,qi xe pro duo,20,15,1.95
infinity riage massage chair,riage 4d,30,10,1.48
massage chair stores,generic,170,42,3.94
massage chairs stores,generic,170,47,3.94
full body massage chair near me,generic,90,43,1.39
qi xe pro massage chair,qi xe pro duo,20,18,2.29
chair massager portable,generic,320,20,0.61
portable massage chair for sale,generic,170,23,0.83
massage chair for short person,generic,90,8,1.11
where to buy massage chairs near me,generic,20,40,2.16
massage chair for short people,generic,90,8,1.11
massage chair price comparison,generic,10,17,
massage chair portable,generic,1900,16,0.61
shopping mall massage chair,generic,140,21,1.74
portable massage chair,generic,4400,24,0.61
chair massage portable,generic,1000,17,0.61
is a massage chair worth it,generic,70,29,1.07
portable chair massage,generic,170,12,0.61
massage chair worth it,generic,50,31,0.91
modern massage chair,generic,210,21,2.25
molylex massage chair,generic,170,25,0.7
massage chair near me for sale,generic,40,36,2.52
best compact massage chair,generic,30,15,1.07
massage chair comparison,generic,70,10,3.07
small massage chair,generic,480,9,0.86
are massage chairs worth it,generic,260,20,0.96
compact massage chairs,generic,30,12,1.1
new massage chair,generic,30,38,1.49
compare massage chairs,generic,40,9,3.07
compact massage chair,generic,480,4,1.1
massage chair features,generic,140,18,1.03
contemporary massage chair,generic,110,29,2.25
best massage chair for short person,generic,40,8,
buying massage chair,generic,90,35,2.31
best massage chair for short people,generic,50,0,1.71
best massage portable massage chair,generic,110,28,0.87
masa chair,generic,,42,1.37
best massager chairs for train stations,generic,50,29,
what to look for in a massage chair,generic,90,24,2.35
where to buy a massage chair,generic,40,37,2.6
massage chair in home,generic,480,27,1.45
best massage chair for airports,generic,30,10,
massage chair companies,generic,30,47,2.14
korean massage chair,generic,390,11,1.43
complete massage chair,generic,140,27,1.26
massage chair home,generic,170,42,1.45
3d massage chairs,generic,210,4,1.57
3d zero gravity massage chair,generic,90,27,1.01
4 d massage chair,generic,90,21,2.05
4d massage,generic,50,30,1.06
4d massage chair for sale,generic,40,26,2.57
4d massage chair reviews,generic,40,34,4.05
4d massage chair zero gravity,generic,70,37,2.28
4d zero gravity massage chair,generic,110,35,1.4
a massage chair,generic,140,29,1.37
adjustable massage chair,generic,90,14,1.83
adult massage chair,generic,30,33,
advanabd massage chair,generic,,30,1.45
affordable massage chair,generic,590,33,0.72
affordable massage chairs,generic,590,39,0.72
air massage chair,generic,70,27,1.46
air massage recliner,generic,20,23,0.99
air pressure massage chair,generic,40,22,0.96
and massage chair,generic,210,29,1.37
are massage chairs good for you,generic,720,21,0.84
asian massage chair,generic,70,22,
at home massage chair,generic,170,38,1.09
back and neck massage chair,generic,40,39,0.61
back massage chair,generic,880,24,0.49
back massage chairs,generic,70,40,0.49
back massage recliner,generic,50,38,0.63
back massage seat,generic,40,38,0.45
back massager chair,generic,720,33,0.49
back massaging chair,generic,590,17,0.49
basic massage chair,generic,90,46,0.91
beat massage chair,generic,170,0,1.66
best 3d massage chair,generic,70,23,2.36
best 3d massage chairs,generic,50,13,2.36
best 4d massage chair,generic,210,31,2.16
best 4d massage chair 2024,generic,20,37,
best 4d massage chairs,generic,90,23,2.16
best affordable full body massage chair,generic,20,38,1.26
best affordable massage chair,generic,170,38,1.03
best at home massage chair,generic,40,37,2.05
best back massager chair,generic,70,48,0.74
best back massager for chair,generic,480,38,0.74
best body massage chair,generic,30,40,2.1
best brand massage chair,generic,70,29,1.46
best buy insignia massage chair,generic,20,29,
best buy massage,generic,40,42,0.37
best buy massage chair sale,generic,20,29,1.51
best buy massage chairs,generic,320,27,1.13
best chair back massager,generic,140,33,0.74
best chair massage near me,generic,110,13,1.08
best chair massage pad,generic,10,29,0.69
best chair massager,generic,480,24,1.66
best chair massager pad,generic,140,34,0.69
best chair massager with heat,generic,90,36,1.08
best chair massagers,generic,20,32,1.66
best choice products electric power lift recliner massage chair,generic,40,0,1.01
best choice products electric power lift recliner massage chair reviews,generic,110,30,
best commercial massage chair,generic,30,12,3.03
best deals on massage chairs,generic,70,22,2.71
best deep tissue massage chair,generic,70,10,1.87
best folding massage chair,generic,30,23,
best foot massager wirecutter,generic,70,56,0.43
best full body massage chair,generic,480,47,1.9
best full body massage chair for home use,generic,40,27,
best full body massage chairs,generic,110,14,1.9
best heat and massage recliner,generic,50,14,1.08
best heat and massage recliners,generic,30,18,1.08
best heated chair massager,generic,70,33,1.08
best heated massage chair,generic,50,29,1.08
best heated massage chairs,generic,70,25,1.08
best heated massage office chair,generic,70,36,1.02
best heated massage recliner,generic,70,17,1.08
best high end massage chair,generic,40,17,4.52
best home massage chair,generic,390,29,2.05
best home massage chairs,generic,170,31,2.05
best luxury massage chair,generic,70,20,1.83
best masage chair,generic,50,41,1.66
best massage brand,generic,70,46,0.77
best massage brand chair,generic,170,24,1.46
best massage brand massage chair,generic,70,37,1.46
best massage chair,generic,5400,46,1.66
best massage chair 2020,generic,30,31,
best massage chair 2024,generic,90,27,1.27
best massage chair 2025,generic,880,10,1.86
best massage chair 2025 review,generic,90,30,
best massage chair 2025 reviews,generic,170,6,
best massage chair brand,generic,390,25,1.46
best massage chair brands,generic,390,14,1.46
best massage chair brands 2025,generic,90,12,2.7
best massage chair company,generic,40,27,4.36
best massage chair consumer reports,generic,210,25,1.68
best massage chair ever,generic,40,0,1.56
best massage chair for back pain,generic,40,21,1.54
best massage chair for big and tall,generic,20,8,1.64
best massage chair for community centers,generic,30,23,
best massage chair for day spas,generic,30,32,
best massage chair for employee benefits,generic,30,8,
best massage chair for employee wellness,generic,30,20,
best massage chair for home,generic,50,46,2.05
best massage chair for home use,generic,50,30,3.14
best massage chair for large person,generic,20,8,2.68
best massage chair for lower back pain,generic,40,12,1.9
best massage chair for lymphatic drainage,generic,40,16,1.57
best massage chair for neck and shoulders,generic,40,35,2.18
best massage chair for neck pain,generic,70,8,3.46
best massage chair for office,generic,30,38,4.27
best massage chair for sale,generic,50,22,2.88
best massage chair for sale for nail salons,generic,30,40,
best massage chair for sciatica,generic,40,7,1.35
best massage chair for tall people,generic,110,8,2.12
best massage chair for tall person,generic,70,8,2.12
best massage chair for the money,generic,210,19,1.68
best massage chair full body,generic,210,25,1.9
best massage chair in san diego,generic,30,23,
best massage chair in the world,generic,90,44,1.49
best massage chair malaysia,generic,50,10,
best massage chair max usa,generic,20,46,
best massage chair okc,generic,70,12,
best massage chair on sale,generic,20,26,1.49
best massage chair on the market,generic,70,38,2.5
best massage chair portable,generic,40,25,0.87
best massage chair price,generic,40,20,1.41
best massage chair reddit,generic,170,24,2.26
best massage chair review,generic,50,44,2.06
best massage chair reviews,generic,110,37,2.06
best massage chair reviews 2025,generic,50,29,
best massage chair reviews ratings,generic,90,42,2.06
best massage chair to buy,generic,40,35,2.01
best massage chair uk,generic,50,13,
best massage chair under 5000,generic,50,8,2.51
best massage chair zero gravity,generic,20,0,2.38
best massage chairs,generic,5400,22,1.66
best massage chairs 2024,generic,110,19,1.27
best massage chairs 2025,generic,880,9,1.86
best massage chairs 2025 review,generic,70,34,
best massage chairs 2025 reviews,generic,140,33,
best massage chairs consumer reports,generic,30,31,3.21
best massage chairs for back pain relief 2025,generic,30,20,
best massage chairs for home,generic,170,35,2.05
best massage chairs for seniors,generic,30,17,2.87
best massage chairs for the money,generic,50,40,1.68
best massage chairs review,generic,20,44,2.06
best massage chairs reviews,generic,70,39,2.06
best massage chairs reviews 2025,generic,30,34,
best massage chari,generic,50,41,1.66
best massage desk chair,generic,20,38,1.38
best massage full body chair,generic,140,46,1.9
best massage gun wirecutter,generic,110,42,1.26
best massage massage chair,generic,260,22,1.66
best massage massage chair reviews,generic,70,42,2.06
best massage office chair,generic,210,27,1.53
best massage pad chair,generic,320,37,0.69
best massage pad for chair,generic,110,32,0.69
best massage recliner,generic,210,29,1.64
best massage recliner chair,generic,170,39,1.72
best massage recliners,generic,90,42,1.64
best massage serene 2d sl rail massage chair,generic,40,28,1.6
best massage serenity deluxe 2d zero gravity massage chair,generic,70,27,1.11
best massage shiatsu massage chair,generic,70,29,1.85
best massage utopia 3d massage chair,generic,20,29,1.29
best massage zero gravity chair,generic,210,27,2.38
best massager chair,generic,20,39,1.66
best massaging chair,generic,170,41,1.66
best massaging office chair,generic,50,37,2.65
best medical massage chair for gyms,generic,30,30,
best message chair,generic,170,24,1.66
best message chairs,generic,210,32,1.66
best neck massager wirecutter,generic,40,60,0.62
best office chair massager,generic,90,38,1.53
best office chair with heat and massage,generic,210,26,0.96
best office chair with massage,generic,40,35,1.4
best office chair with massage and heat,generic,30,36,1.05
best office massage chair,generic,140,35,1.53
best place to buy massage chair,generic,70,36,2.69
best portable chair massager,generic,30,26,0.87
best portable electric massage chair,generic,70,26,
best portable massage chair,generic,260,18,0.87
best portable massage chairs,generic,30,27,0.87
best premium massage chairs,generic,40,20,4.12
best price massage chair,generic,40,36,1.41
best quality massage chair,generic,20,37,2.29
best rated massage chair,generic,880,27,1.66
best rated massage chairs,generic,1000,29,1.66
best rated massage recliners,generic,30,42,1.81
best recliner massage chair,generic,50,35,1.72
best recliner wirecutter,generic,20,52,1.13
best recliners with massage,generic,50,31,1.64
best reclining massage chair,generic,50,27,1.72
best seat massager,generic,40,29,1.05
best shiatsu massage,generic,30,42,0.56
best shiatsu massage chair,generic,70,27,1.85
best value massage chair,generic,70,0,1.32
best zero gravity massage chair,generic,480,15,2.38
best zero gravity massage chairs,generic,140,35,2.38
bestmassage chair,generic,170,30,1.66
bestmassage chairs,generic,30,45,1.66
bestmassage massage chair,generic,1300,26,1.66
bestmassage massage chair reviews,generic,50,31,2.06
big and tall massage chair,generic,110,9,1.2
big massage chair,generic,50,26,1.18
big massage chairs,generic,110,31,1.18
black leather massage chair,generic,30,18,1.19
black massage recliner chair,generic,40,18,1.03
black recliner massage chair,generic,50,23,1.03
bluetooth massage chair,generic,90,26,0.82
body massage chair,generic,320,29,1.03
body massage chairs,generic,90,31,1.03
body massager chair,generic,50,43,1.03
boss care massage chair,generic,140,0,0.75
brookstone folding massage chair reviews,generic,20,17,
brookstone massage chair reviews,generic,30,16,0.54
brown leather massage chair,generic,20,21,1.28
budget massage chair,generic,260,29,0.72
buy massage chair,generic,170,36,2.31
buy massage chair online,generic,40,53,11.21
buy massage chairs online,generic,40,48,6.75
chair body massage,generic,170,40,1.03
chair electric massage,generic,1900,32,1.52
chair for back massage,generic,10,47,0.49
chair for massage,generic,880,25,1.37
chair heat and massage pad,generic,90,0,0.3
chair heat massage,generic,90,22,0.93
chair heat massager,generic,90,41,0.93
chair heater and massager,generic,30,25,0.3
chair massag,generic,90,25,1.74
chair massage buy,generic,110,34,2.31
chair massage chair,generic,6600,32,1.37
chair massage chair for sale,generic,720,48,1.38
chair massage price,generic,30,24,0.79
chair massage table,generic,50,25,0.96
chair massage vibrating,generic,210,33,1.03
chair massage with heat,generic,30,18,0.93
chair massager,generic,3600,40,1.74
chair massager for back pain,generic,70,35,1.13
chair massager for home,generic,480,29,1.45
chair massager for sale,generic,3600,36,1.38
chair massager reviews,generic,140,34,2.03
chair massager with heat,generic,880,30,0.93
chair massager work,generic,50,42,0.96
chair massagers,generic,260,38,1.74
chair massagers with heat,generic,140,29,0.93
chair messager,generic,30,44,1.74
chair seat massager,generic,50,42,0.41
chair that massages,generic,22200,38,1.74
chair with heat and massage,generic,260,0,0.93
chair with massage,generic,140,33,1.37
chair with massage and heat,generic,70,21,0.93
chairs massage,generic,2400,30,1.74
chairs that massage,generic,,40,1.74
chairs with heat and massage,generic,110,16,0.93
chairs with massage,generic,170,29,1.37
chear massage,generic,140,31,1.74
chinese massage chair,generic,30,16,1.66
chiropractic chairs,generic,50,0,1.87
chiropractic massage chair,generic,140,28,1.63
chiropractor massage chair,generic,50,32,1.63
classy massager,generic,90,61,
comfort massage chair,generic,50,38,1.44
comfortable massage chair,generic,30,55,1.44
comfortable massage chairs,generic,40,54,1.44
commercial massage chair,generic,110,14,1.82
commercial massage chairs,generic,260,25,1.82
compare luxury massage chairs for back pain,generic,50,6,
consumer report massage chairs,generic,40,27,2.19
consumer reports best massage chair,generic,70,33,1.68
consumer reports best massage chairs,generic,70,24,1.68
consumer reports massage chair,generic,30,24,1.92
consumer reports massage chairs,generic,70,27,2.81
cost of massage chair,generic,30,27,0.79
couples massage chair,generic,20,42,1.15
cozzia cz 716 qi xe pro,qi xe pro duo,20,10,
cozzia massage chair problems,cozzia,70,0,
cozzia massage chair qi se,qi se,40,9,1.52
cozzia massage chair review,cozzia,50,12,1.42
cozzia massage chair reviews,cozzia,170,8,1.42
cozzia qi se massage chair,qi se,40,9,1.52
cozzia qi se massage chair reviews,qi se,20,12,
cozzia qi xe pro,qi xe pro duo,50,18,2.06
cozzia qi xe pro review,qi xe pro duo,20,21,
cream massage chair,generic,70,15,1.94
custom massage chair,generic,30,21,1.89
deals massage chair,generic,140,24,3.94
deep massage chair,generic,40,32,1.1
deep massage chairs,generic,30,29,1.1
deep tissue massage chair,generic,390,15,1.16
deep tissue massage chairs,generic,40,16,1.16
do massage chairs actually help,generic,50,16,
do massage chairs help,generic,40,0,
do massage chairs really work,generic,90,27,0.61
do massage chairs work,generic,260,21,0.91
easy massage chair,generic,140,38,1.9
electric chair massager,generic,70,43,1.52
electric massage chair massage,generic,1900,37,1.52
electric massage chairs,generic,260,28,1.52
electric massager chair,generic,,59,1.52
electric massaging chair,generic,390,24,1.52
electrical massage chair,generic,70,34,1.52
elounge massage chair,generic,50,0,1.45
emirates massage chair,generic,70,28,0.9
est massage chair,generic,50,26,1.66
expensive massage chair,generic,170,10,1.13
fabric massage chair,generic,70,25,0.95
fancy massage chair,generic,70,34,1.23
foot massage chair,generic,210,8,1.33
foot massage chairs,generic,70,28,1.33
foot massager chair,generic,30,41,1.33
foot massager wirecutter,generic,30,0,0.36
full body chair massager,generic,90,32,1.16
full body heated massage chair,generic,10,22,1.05
full body massage chair,generic,4400,12,1.16
full body massage chair clearance,generic,40,25,0.54
full body massage chair consultation,generic,40,35,
full body massage chair for home,generic,590,37,1.41
full body massage chair for sale,generic,90,35,1.64
full body massage chair price,generic,70,22,0.69
full body massage chair reviews,generic,40,41,2.55
full body massage chair sale,generic,20,0,1.61
full body massage chair with heat,generic,70,14,1.05
full body massage chair zero gravity,generic,320,27,1.6
full body massage chairs,generic,1000,24,1.16
full body massage chairs for sale,generic,40,31,1.64
full body massage chairs sale,generic,30,30,1.61
full body massage gaming chair,generic,50,26,0.49
full body massager chair,generic,70,26,1.16
full body message chair,generic,50,44,1.16
full body shiatsu massage chair,generic,170,25,1.42
full body zero gravity massage chair,generic,170,28,1.6
full body zero gravity shiatsu massage chair,generic,30,27,1.2
full massage chair,generic,320,18,1.26
full size massage chair,generic,30,24,1.72
full-body massage chair,generic,,35,
fully body massage chair,generic,70,44,1.16
furniture for life - massage chairs,generic,90,16,
furniture for life massage chair,generic,320,19,1.64
furniture for life massage chairs,generic,480,11,1.64
gentle massage chair,generic,20,13,1.27
good massage chair,generic,140,52,1.66
good massage chairs,generic,390,38,1.66
gravity chair massage,generic,30,30,1.02
gravity massage chair,generic,210,15,1.02
gravity massage chairs,generic,50,22,1.02
gray massage chair,generic,70,23,1.58
heat and massage chair,generic,320,10,0.93
heat and massage chairs,generic,10,18,0.93
heat chair massager,generic,110,39,0.93
heat massage chair,generic,170,19,0.93
heat massage chairs,generic,90,14,0.93
heated chair massager,generic,140,35,0.93
heated massage chair,generic,880,14,0.93
heated massage chairs,generic,210,11,0.93
heated massaging chair,generic,480,14,0.93
heating and massage chair,generic,210,12,0.93
high end massage chair,generic,1300,19,1.72
high end massage chairs,generic,260,29,1.72
high quality massage chair,generic,210,41,1.8
high tech massage chair,generic,90,38,1.12
highest rated massage chair,generic,70,32,2.27
highest rated massage chairs,generic,50,35,2.27
home massage chair,generic,880,41,1.45
home massage chairs,generic,210,55,1.45
how much are massage chairs,generic,320,21,0.57
how much do massage chairs cost,generic,40,22,0.74
how much does a massage chair cost,generic,260,23,0.68
how much does massage chair cost,generic,70,24,0.74
how much for a massage chair,generic,30,33,0.57
how much is a massage chair,generic,590,41,0.57
how much is massage chair,generic,30,22,0.57
ideal massage chair,generic,140,18,0.92
infiniti massage chair,infinity,90,0,1.44
infinity chair massage,infinity,260,25,1.44
infinity luminary syner-d massage chair,luminary syner-d massage chair,50,15,3.78
infinity massage chair,infinity,4400,25,1.44
infinity massage chair reviews,infinity,210,20,1.65
infinity massage chair riage,riage 4d,20,0,1.58
infinity riage 4d massage chair,riage 4d,30,10,2.27
infinity smart chair x3,smart chair x3 4d massage chair,50,17,2.55
infinity smart chair x3 3d 4d massage chair,smart chair x3 4d massage chair,20,17,1.99
infinity smart chair x3 massage chair,smart chair x3 4d massage chair,30,15,
is a massage chair good for you,generic,40,22,0.51
is relaxe massage chair legit,generic,20,24,2.06
kneading massage chair,generic,90,27,0.95
kneeling massage chair,generic,70,12,0.43
kyota genki m380,kyota genki m380,170,17,3.5
kyota genki m380 brown full body massage chair,kyota genki m380,20,8,6.47
kyota genki m380 full body massage chair,kyota genki m380,30,8,
kyota genki m380 massage chair,kyota genki m380,480,16,4.1
kyota hatsumei m900,kyota hatsumei m900 ai 4d,20,19,2.74
kyota hatsumei m900 4d ai massage chair,kyota hatsumei m900 ai 4d,70,14,3.14
kyota m380 genki massage chair,kyota genki m380,30,15,4.12
kyoto massage chair,kyota,90,21,1.72
large massage chair,generic,70,13,1.18
large massage chairs,generic,90,21,1.18
leather massage chair,generic,170,11,1.21
leather massage chairs,generic,110,23,1.21
leather message chair,generic,70,19,1.21
leg massage chair,generic,140,33,1.06
lg massage chair,generic,50,26,2.32
living room massage chair,generic,70,40,0.93
lounge massage chair,generic,90,40,1.4
lower back massage chair,generic,70,34,1.09
lowes massage chair,generic,50,28,1.08
luxurious massage chair,generic,50,26,1.78
luxury massage chair,generic,480,29,1.78
luxury massage chair price,generic,50,24,0.93
luxury massage chairs,generic,260,24,1.78
luxury massager,generic,30,0,1.1
lymphatic drainage massage chair,generic,30,10,0.78
madsage chair,generic,320,29,1.37
madsage chairs,generic,50,40,1.37
masaage chair,generic,480,40,1.37
masage chair,generic,720,42,1.37
masage chairs,generic,70,40,1.37
masaging chair,generic,50,40,1.37
masaje chair,generic,880,35,1.37
masajeador spa,generic,1300,29,0.74
massage and heat chair,generic,70,23,0.93
massage armchair,generic,110,41,1.21
massage armchair uk,generic,30,19,1.01
massage back chair,generic,90,44,0.49
massage chai,generic,90,37,1.37
massage chaid,generic,140,28,1.37
massage chaie,generic,30,37,1.37
massage chair,generic,60500,54,1.37
massage chair 4d,generic,170,12,2.23
massage chair 4d zero gravity,generic,30,33,3.4
massage chair airbags,generic,30,22,1.3
massage chair best,generic,140,38,1.66
massage chair best deal,generic,70,30,2.71
massage chair best reviews,generic,90,42,2.06
massage chair best value,generic,30,39,1.32
massage chair bluetooth,generic,90,14,0.82
massage chair brand,generic,70,20,1.48
massage chair brands,generic,210,5,1.48
massage chair brown,generic,110,18,1.34
massage chair budget,generic,480,36,0.72
massage chair commercial,generic,110,18,1.82
massage chair compact,generic,210,7,1.1
massage chair company,generic,20,60,2.14
massage chair cost,generic,720,25,0.79
massage chair cozzia,cozzia,30,14,1.12
massage chair deal,generic,10,25,3.94
massage chair dimensions,generic,90,22,1.2
massage chair foldable,generic,20,41,0.56
massage chair for back pain,generic,390,30,1.13
massage chair for bedroom,generic,30,0,0.75
massage chair for big and tall,generic,70,8,1.42
massage chair for business,generic,30,19,1.13
massage chair for home,generic,320,36,1.45
massage chair for home use,generic,70,40,1.5
massage chair for living room,generic,70,42,1.17
massage chair for lower back pain,generic,70,11,1.09
massage chair for neck,generic,90,33,1.25
massage chair for office,generic,110,39,1.29
massage chair for sale,generic,8100,28,1.38
massage chair for sale near me,generic,320,34,2.84
massage chair for tall person,generic,170,13,1.55
massage chair full,generic,110,25,1.26
massage chair full body,generic,320,27,1.39
massage chair furniture,generic,20,47,2.21
massage chair gravity,generic,90,0,1.02
massage chair heat,generic,10,16,0.93
massage chair heated,generic,30,18,0.93
massage chair high end,generic,70,24,1.72
massage chair in,generic,20,36,2.31
massage chair in store,generic,20,49,3.94
massage chair infinity,infinity,140,11,1.44
massage chair korean,generic,70,16,1.43
massage chair leather,generic,40,12,1.21
massage chair lounge,generic,140,50,1.4
massage chair luxury,generic,140,26,1.78
massage chair massage,generic,10,38,1.37
massage chair massage chair,generic,320,30,1.37
massage chair massager,generic,1900,42,1.74
massage chair near me,generic,1600,29,2.29
massage chair nearby,generic,320,42,2.6
massage chair perth,generic,70,19,
massage chair planet,generic,390,29,3.8
massage chair price,generic,1000,25,0.79
massage chair prices,generic,140,29,0.79
massage chair professional,generic,40,0,1.45
massage chair pros and cons,generic,30,25,0.71
massage chair ratings,generic,70,37,2.83
massage chair recliner,generic,2900,24,1.19
massage chair reclining,generic,110,25,1.19
massage chair relax,generic,140,0,1.86
massage chair relief,generic,210,39,4.8
massage chair review,generic,210,31,2.03
massage chair reviews,generic,1000,36,2.03
massage chair reviews 2024,generic,20,27,
massage chair reviews 2025,generic,70,38,2.16
massage chair reviews consumer reports,generic,40,32,2.87
massage chair rocker,generic,140,23,0.71
massage chair sale near me,generic,70,33,2.84
massage chair sales,generic,20,18,1.38
massage chair shiatsu,generic,90,17,1.17
massage chair shop,generic,390,41,3.94
massage chair size,generic,90,0,1.2
massage chair spa,generic,30,19,2.59
massage chair stores near me,generic,170,34,3.08
massage chair stretch,generic,30,10,1.72
massage chair tall person,generic,20,10,2.22
massage chair that stretches back,generic,20,8,1.17
massage chair that stretches you,generic,30,8,1.36
massage chair top,generic,30,0,1.97
massage chair weight limit,generic,50,8,1
massage chair white leather,generic,50,29,4.18
massage chair with bluetooth,generic,90,31,0.82
massage chair with foot massage,generic,50,12,1.46
massage chair with head massage,generic,20,8,1.11
massage chair with heat,generic,210,19,0.93
massage chair with neck massage,generic,90,17,1.25
massage chair with remote,generic,90,0,1.62
massage chair with rollers,generic,50,15,0.86
massage chair with zero gravity,generic,50,20,1.33
massage chair zero gravity,generic,1000,25,1.33
massage chair zero gravity full body,generic,140,34,1.6
massage chair zion,4d zion,20,12,
massage chair.,generic,70,40,
massage chaire,generic,90,40,1.37
massage chairs,generic,14800,55,1.37
massage chairs best,generic,210,14,1.66
massage chairs for back pain,generic,210,23,1.13
massage chairs for office,generic,50,29,1.29
massage chairs for pain relief,generic,40,41,1.13
massage chairs for sale near me,generic,590,24,2.84
massage chairs for sale nearby,generic,70,43,2.53
massage chairs for tall people,generic,50,11,1.55
massage chairs for the home,generic,590,36,1.45
massage chairs full body,generic,30,35,1.39
massage chairs home depot,generic,40,36,4.11
massage chairs las vegas,generic,140,12,2.89
massage chairs near me,generic,3600,31,2.29
massage chairs near me for sale,generic,30,42,2.52
massage chairs on sale near me,generic,40,39,2.84
massage chairs portable,generic,20,17,0.61
massage chairs prices,generic,10,26,0.79
massage chairs reviews,generic,210,20,2.03
massage chairs sale,generic,720,29,1.38
massage chairs with heat,generic,50,14,0.93
massage chairs zero gravity,generic,70,12,1.33
massage chaise lounge,generic,90,18,1.19
massage chaor,generic,90,43,1.37
massage char,generic,50,46,1.37
massage chari,generic,170,43,1.37
massage charis,generic,90,40,1.37
massage chsir,generic,110,22,1.37
massage electric chair,generic,480,34,1.52
massage for chair,generic,30,36,1.37
massage full body chair,generic,40,0,1.16
massage furniture,generic,140,40,0.71
massage heat chair,generic,10,15,0.93
massage heated chair,generic,390,10,0.93
massage leather chair,generic,70,23,1.21
massage lounge chair,generic,210,39,1.4
massage lounge chairs,generic,90,35,1.4
massage machine chair,generic,70,41,1.17
massage medic chair,generic,20,13,2.18
massage recline chair,generic,320,19,1.19
massage recliner chair nearby,generic,40,41,1.11
massage recliner chairs,generic,2900,37,1.19
massage recliner near me,generic,10,43,1.26
massage recliner nearby,generic,20,43,0.95
massage recliners,generic,1000,20,1.11
massage recliners for sale,generic,90,34,1.16
massage recliners for sale near me,generic,30,42,1.05
massage recliners near me,generic,110,42,1.26
massage recliners reviews,generic,30,33,1.63
massage reclining chair,generic,70,18,1.19
massage rocking chair,generic,110,27,0.71
massage roller chair,generic,70,25,0.86
massage salon chair,generic,90,11,1.55
massage seat,generic,880,26,0.87
massage seat chair,generic,30,44,1.23
massage seats,generic,210,22,0.87
massage shiatsu chair,generic,10,22,1.17
massage sitting chair,generic,110,34,0.74
massage smart,generic,140,0,0.77
massage treatment chair,generic,140,26,1.23
massage work chair,generic,110,39,1.01
massage xhair,generic,70,43,1.37
massage zero gravity chair,generic,720,25,1.33
massagechair,generic,70,39,1.37
massager chair,generic,320,61,1.37
massager chair price,generic,210,42,0.79
massager chairs near me for call centers,generic,40,42,
massager for a chair,generic,320,37,0.37
massager for chair,generic,260,36,1.37
massager full body,generic,170,31,0.98
massager on chair,generic,320,36,1.37
massager recliner,generic,20,42,1.11
massager reddit,generic,480,31,
massagers chair,generic,,42,1.37
massagin chair,generic,110,42,1.37
massaging chair,generic,1300,36,1.37
massaging chair recliner,generic,590,29,1.19
massaging chairs,generic,210,32,1.37
massaging recliner,generic,590,18,1.16
massaging recliner chair,generic,260,20,1.19
massaging recliners,generic,140,45,1.11
massaging recliners near me,generic,,0,1.26
massaging recliners on sale,generic,20,39,1.16
massaging reclining chair,generic,50,33,1.19
massarge chair,generic,110,40,1.37
masseur massage chair,generic,70,34,0.97
masseuse chairs,generic,40,59,1.37
massgae chair,generic,50,37,1.37
massge chair,generic,170,46,1.37
masssage chair,generic,70,40,1.37
mechanical massage chair,generic,90,34,1.22
medical massage chair,generic,170,18,2.89
medical massage chairs,generic,70,28,2.89
medical massage chairs for community centers,generic,30,10,
mesage chair,generic,90,27,1.37
message chair,generic,2400,25,1.37
message chair near me,generic,90,27,2.29
message chair reddit,generic,390,25,
message chairs,generic,480,36,1.37
message recliner,generic,1300,11,1.11
message seats,generic,480,25,0.87
messaging chair,generic,90,40,1.37
most comfortable massage table,generic,20,23,0.98
most expensive massage chair,generic,260,4,1.08
mssage chair,generic,110,40,1.37
mssage chairs,generic,110,47,1.37
neck massage chair,generic,110,25,1.25
o gravity massage chair,generic,40,17,1.33
office chair massage chair,generic,10,39,1.29
office chair that massages,generic,30,38,1.13
ogawa massage chair,ogawa,1000,10,1.07
ogawa massage chair manual,ogawa,20,8,
ogawa master drive duo,ogawa master drive duo,50,16,3.84
ogawa master drive duo le,ogawa master drive duo,40,8,3.62
ogawa master drive duo massage chair review,ogawa master drive duo,20,14,
os pro 4d duomax,os-pro 4d duomax,30,15,4.19
osaki 4d bravo duo,osaki 4d+3d bravo duo flex,90,17,8.02
osaki 4d bravo duo massage chair,osaki 4d+3d bravo duo flex,50,15,6.63
osaki 4d bravo duo massage chair product info and reviews,osaki 4d+3d bravo duo flex,40,7,
osaki 4d bravo duo massage chair reviews,osaki 4d+3d bravo duo flex,40,14,
osaki 4d bravo duo product info and reviews,osaki 4d+3d bravo duo flex,20,8,
osaki 4d bravo duo review,osaki 4d+3d bravo duo flex,20,15,6.28
osaki 4d massage chair,osaki,320,16,2.14
osaki bravo duo,osaki 4d+3d bravo duo flex,40,18,5.26
osaki massage chair,osaki,9900,26,1.72
osaki massage chair 4d,osaki,110,23,2.14
osaki massage chair customer service,osaki,70,14,2.66
osaki massage chair manual,osaki,70,10,1.65
osaki massage chair sale,osaki,90,17,3.33
osaki massage chair usa,osaki,110,0,3.27
osaki master massage chair,osaki,50,21,4.53
osaki os pro 4d duomax,os-pro 4d duomax,30,15,6.11
osaki os pro 4d duomax massage chair,os-pro 4d duomax,50,13,5.15
osaki os-pro 4d duomax massage chair,os-pro 4d duomax,70,0,5.15
osaki zero gravity massage chair,osaki,90,26,1.36
osaki ziva,osaki ziva,10,11,
osaki ziva massage chair,osaki ziva,20,16,3.65
outdoor massage chair,generic,40,22,1.53
oversized massage recliner,generic,70,28,0.8
personal massage chair,generic,70,34,1.45
popular massage chair,generic,90,26,1.97
popular massage chairs,generic,50,32,1.97
portable massage chairs,generic,590,21,0.61
portable message chair,generic,10,0,0.61
premium massage chair,generic,140,31,2.07
price of massage chair,generic,40,37,0.79
professional massage chair,generic,390,22,1.45
professional massage chairs,generic,70,47,1.45
purchase massage chair,generic,170,38,2.31
qi se massage chair,qi se,20,12,1.7
qi xe pro,qi xe pro duo,20,21,2.19
quality massage chair,generic,30,42,2.26
real relax massage chair review,generic,260,28,0.97
reclinable massage chair,generic,40,20,1.19
recliner and massage chair,generic,140,28,1.19
recliner chair electric massage,generic,20,38,0.7
recliner chair massage,generic,480,27,1.19
recliner chair massager,generic,,28,1.19
recliner chair with heat and massage,generic,720,20,1.05
recliner chair with massage,generic,880,24,1.19
recliner chair with massager,generic,20,25,1.19
recliner chairs massage,generic,590,23,1.19
recliner chairs with massage,generic,50,32,1.19
recliner massage,generic,1000,17,1.11
recliner massage armchair,generic,5400,33,1.19
recliner massage chair,generic,1900,14,1.19
recliner massage chairs,generic,260,29,1.19
recliner massage chairs for sale,generic,40,30,0.99
recliner massage heat chair,generic,590,18,1.05
recliner massager,generic,140,17,1.11
recliner sofa massager,generic,140,44,0.99
recliner with back massager,generic,70,28,0.63
recliner with massage,generic,720,21,1.11
recliner with massage and heat,generic,210,25,0.97
recliner with massager,generic,90,40,1.11
recliners massage chair,generic,10,32,1.19
recliners with massage,generic,90,22,1.11
reclining chair massage,generic,260,23,1.19
reclining chair with massage,generic,170,31,1.19
reclining electric massage chair,generic,90,25,1.05
reclining massage armchair,generic,90,30,1.19
reclining massage chairs,generic,1000,25,1.19
reclining massage chairs with heat,generic,590,19,1.05
reclining massaging chair,generic,390,35,1.19
reddit best massage chair,generic,20,29,2.56
reddit massage chair,generic,70,30,
rejuvenate massage chair,generic,30,13,1.53
relax and recharge massage chair,generic,140,30,0.82
relax com massage chairs,generic,40,29,1.95
relax massage chairs,generic,140,33,1.49
relax the back massage chair,generic,210,14,1.82
relaxation chair,generic,140,36,0.95
relaxation chairs,generic,30,23,0.95
relaxation massage chair,generic,260,34,1.49
relaxing chair massage,generic,110,31,1.86
relaxing massage chair,generic,20,40,1.49
remote control massage chair,generic,110,20,1.62
remote massage chair,generic,70,32,1.62
rest massage chair,generic,20,24,0.65
review massage chairs,generic,140,24,2.03
reviews for massage chairs,generic,50,35,2.03
reviews of massage chairs,generic,20,37,2.03
reviews on massage chairs,generic,320,33,2.03
reviews zero gravity massage chair,generic,20,40,1.63
riage massage chair,riage 4d,20,11,1.58
robotic massage chair,generic,590,16,1.35
roller massage chair,generic,10,14,0.86
rolling massage chair,generic,170,5,0.86
sale massage chairs,generic,50,33,1.38
salon massage chair,generic,110,15,1.55
seat massagers,generic,50,43,0.87
seated massage chair,generic,170,25,1.23
shiatsu back massager chair,generic,50,25,0.57
shiatsu chair massage,generic,20,29,1.17
shiatsu massage chair,generic,4400,30,1.17
shiatsu massage chair recliner,generic,210,13,0.95
shiatsu massage chair reviews,generic,50,33,3.12
shiatsu massage recliner chair,generic,210,0,0.95
shiatsu massaging chair,generic,,25,1.17
shiatsu message chair,generic,,24,1.17
shiatzu massage chair,generic,10,24,1.17
shop massage chair,generic,,42,3.94
shop massage chairs,generic,50,40,3.94
sitting massage chair,generic,110,28,0.74
sitting massage chairs,generic,20,35,0.74
smart chairs,generic,70,42,1.42
smart massage chair,generic,50,13,1.19
spa massage chair for sale,generic,30,33,
stores that sell massage chairs,generic,40,29,1.99
stylish massage chairs,generic,30,40,1.61
svago newton zero gravity recliner,svago newton zero gravity recline,260,6,4.07
svago newton zero gravity recliner reviews,svago newton zero gravity recline,30,14,4.24
swedish massage chair,generic,30,0,1.87
the best chair massager,generic,50,36,1.82
the best massage chair,generic,210,42,1.82
the best massage chair 2024,generic,20,17,
the best massage chairs,generic,50,43,1.82
top 10 massage chairs,generic,70,32,2.09
top 5 massage chairs,generic,50,19,2.71
top massage chair,generic,30,41,1.93
top massage chair brands,generic,90,28,2.81
top massage chairs,generic,210,42,1.97
top rated massage chair,generic,70,36,2.27
top rated massage chairs,generic,260,29,2.27
top rated massage chairs 2025,generic,70,23,3.07
top rated massage chairs consumer reports,generic,30,30,2.6
total comfort massage chair,generic,40,31,0.69
traditional massage chair,generic,1000,20,
types of massage chairs,generic,40,0,1.08
upright massage chair,generic,30,25,0.71
what are the best massage chairs,generic,50,34,1.85
what is a shiatsu massage chair,generic,40,0,0.86
what is massage chair,generic,90,24,
what is the best massage chair,generic,210,30,1.85
what is the best massage chair to buy,generic,30,32,2.37
what's the best massage chair,generic,40,42,2.06
where can i buy a massage chair,generic,110,30,2.6
where to buy massage chair,generic,140,42,2.6
where to buy massage chairs,generic,30,35,3.06
white leather massage chair,generic,50,25,4.18
white massage chair,generic,210,11,2.18
white recliner massage chair,generic,20,25,0.77
who makes the best massage chair,generic,50,0,1.96
who sells massage chairs near me,generic,50,33,2.05
whole body massage chair,generic,210,7,1.38
wholesale massage chairs,generic,20,22,2.73
world's best massage chair,generic,40,35,1.49
zero gravity chair massage,generic,880,33,1.33
zero gravity chair massage chair,generic,210,15,1.33
zero gravity chair with heat and massage,generic,110,18,2
zero gravity chair with massage,generic,20,20,1.33
zero gravity full body massage chair,generic,140,25,1.6
zero gravity massage chair,generic,6600,25,1.33
zero gravity massage chair for sale,generic,40,22,1.96
zero gravity massage chair near me,generic,110,31,2.25
zero gravity massage chair nearby,generic,30,30,2.91
zero gravity massage chair reviews,generic,70,0,1.22
zero gravity massage chair sale,generic,20,25,3.07
zero gravity massage chair with heat,generic,40,19,2
zero gravity massage recliner,generic,170,20,1.58
zero gravity message chair,generic,70,30,1.33
zero gravity recliner massage chair,generic,210,18,1.56
zero-gravity massage chair,generic,110,32,1.33
zgr chair,zgr zero gravity recliner,20,11,0.77
zgr zero gravity recliner,zgr zero gravity recliner,20,8,3.76
zion chair massage,4d zion,20,14,
zion chair massage price,4d zion,20,17,
zion deluxe massage chair,4d zion,20,31,
zion executive massage chair,4d zion,10,31,
zion king massage chair,4d zion,20,31,
zion king pro massage chair,4d zion,20,30,1.22
zion massage chair,4d zion,50,12,0.8
zion massage chair made in which country,4d zion,20,20,
zion massage chair philippines,4d zion,20,37,
zion massage chair philippines price,4d zion,20,0,
zion massage chair price,4d zion,20,8,0.74
zion massage chair price philippines,4d zion,20,8,
zion massage chair review,4d zion,20,31,
zion philippines massage chair price,4d zion,20,9,
zion vip massage chair,4d zion,20,31,